{
    "educator_model": {
        "total_queries": 10,
        "successful_responses": 0,
        "response_times": [
            2.0268630981445312,
            2.061624050140381,
            2.031463384628296,
            2.058699131011963,
            2.036555290222168,
            2.0394647121429443,
            2.0337932109832764,
            2.0378835201263428,
            2.0418171882629395,
            0.0
        ],
        "user_satisfaction_scores": [
            1.5916369237565142,
            1.4355234431296076,
            1.8010562443377425,
            3.349523824093272,
            3.2122253035240815,
            2.3952741971870433,
            3.3847939420079634,
            2.8064378611571223,
            1.6363213076929082,
            3.390465199935012
        ]
    },
    "tax_model": {
        "total_queries": 10,
        "successful_responses": 0,
        "response_times": [
            2.047271490097046,
            2.0320663452148438,
            2.015246629714966,
            2.044832944869995,
            2.016695261001587,
            2.0630342960357666,
            2.0460965633392334,
            2.03633451461792,
            2.048931837081909,
            2.0423994064331055
        ],
        "user_satisfaction_scores": [
            2.3626170803291147,
            2.1135074473876267,
            2.824665018365528,
            2.153732928112019,
            2.0807167384017315,
            2.9277060932676378,
            2.9892832766561495,
            1.284672989727834,
            2.498635657214427,
            1.526860664036485
        ]
    },
    "farmer_model": {
        "total_queries": 10,
        "successful_responses": 0,
        "response_times": [
            2.027015447616577,
            2.0492303371429443,
            2.0453743934631348,
            2.0394458770751953,
            2.049703598022461,
            2.0528945922851562,
            2.045360803604126,
            2.02433443069458,
            2.058929920196533,
            2.0428617000579834
        ],
        "user_satisfaction_scores": [
            2.083863157633586,
            2.555613925761423,
            1.8931307469050525,
            2.5675625608414485,
            1.9248059803140443,
            2.0746662643683207,
            1.4427885496218578,
            1.1554444358700666,
            1.5729100333486856,
            1.9096560382059549
        ]
    }
}